State Code,County Code,Site Num,Parameter Code,POC,Latitude,Longitude,Datum,Parameter Name,Date Local,Time Local,Date GMT,Time GMT,Sample Measurement,Units of Measure,MDL,Uncertainty,Qualifier,Method Type,Method Code,Method Name,State Name,County Name,Date of Last Change,pollutant,source,source_url,site_name,site_id,latitude,longitude,downloaded_by,license
51,161,1004,42101,1,37.28342,-79.88452,WGS84,Carbon monoxide,2024-01-01,00:00,2024-01-01,05:00,0.3,Parts per million,0.5,,,FRM,54,INSTRUMENTAL - NONDISPERSIVE INFRARED,Virginia,Roanoke,2024-02-08,CO,EPA AQS,https://aqs.epa.gov/aqsweb/airdata/download_files.html,East Vinton Elementary School,51-161-1004,37.28342,-79.88452,Tinklepaugh 2026,Public Domain - US EPA
51,161,1004,42101,1,37.28342,-79.88452,WGS84,Carbon monoxide,2024-01-01,01:00,2024-01-01,06:00,0.3,Parts per million,0.5,,,FRM,54,INSTRUMENTAL - NONDISPERSIVE INFRARED,Virginia,Roanoke,2024-02-08,CO,EPA AQS,https://aqs.epa.gov/aqsweb/airdata/download_files.html,East Vinton Elementary School,51-161-1004,37.28342,-79.88452,Tinklepaugh 2026,Public Domain - US EPA
51,161,1004,42101,1,37.28342,-79.88452,WGS84,Carbon monoxide,2024-01-01,03:00,2024-01-01,08:00,0.4,Parts per million,0.5,,,FRM,54,INSTRUMENTAL - NONDISPERSIVE INFRARED,Virginia,Roanoke,2024-02-08,CO,EPA AQS,https://aqs.epa.gov/aqsweb/airdata/download_files.html,East Vinton Elementary School,51-161-1004,37.28342,-79.88452,Tinklepaugh 2026,Public Domain - US EPA
51,161,1004,42101,1,37.28342,-79.88452,WGS84,Carbon monoxide,2024-01-01,04:00,2024-01-01,09:00,0.5,Parts per million,0.5,,,FRM,54,INSTRUMENTAL - NONDISPERSIVE INFRARED,Virginia,Roanoke,2024-02-08,CO,EPA AQS,https://aqs.epa.gov/aqsweb/airdata/download_files.html,East Vinton Elementary School,51-161-1004,37.28342,-79.88452,Tinklepaugh 2026,Public Domain - US EPA
51,161,1004,42101,1,37.28342,-79.88452,WGS84,Carbon monoxide,2024-01-01,05:00,2024-01-01,10:00,0.5,Parts per million,0.5,,,FRM,54,INSTRUMENTAL - NONDISPERSIVE INFRARED,Virginia,Roanoke,2024-02-08,CO,EPA AQS,https://aqs.epa.gov/aqsweb/airdata/download_files.html,East Vinton Elementary School,51-161-1004,37.28342,-79.88452,Tinklepaugh 2026,Public Domain - US EPA
51,161,1004,42101,1,37.28342,-79.88452,WGS84,Carbon monoxide,2024-01-01,06:00,2024-01-01,11:00,0.3,Parts per million,0.5,,,FRM,54,INSTRUMENTAL - NONDISPERSIVE INFRARED,Virginia,Roanoke,2024-02-08,CO,EPA AQS,https://aqs.epa.gov/aqsweb/airdata/download_files.html,East Vinton Elementary School,51-161-1004,37.28342,-79.88452,Tinklepaugh 2026,Public Domain - US EPA
51,161,1004,42101,1,37.28342,-79.88452,WGS84,Carbon monoxide,2024-01-01,07:00,2024-01-01,12:00,0.1,Parts per million,0.5,,,FRM,54,INSTRUMENTAL - NONDISPERSIVE INFRARED,Virginia,Roanoke,2024-02-08,CO,EPA AQS,https://aqs.epa.gov/aqsweb/airdata/download_files.html,East Vinton Elementary School,51-161-1004,37.28342,-79.88452,Tinklepaugh 2026,Public Domain - US EPA
51,161,1004,42101,1,37.28342,-79.88452,WGS84,Carbon monoxide,2024-01-01,08:00,2024-01-01,13:00,0.1,Parts per million,0.5,,,FRM,54,INSTRUMENTAL - NONDISPERSIVE INFRARED,Virginia,Roanoke,2024-02-08,CO,EPA AQS,https://aqs.epa.gov/aqsweb/airdata/download_files.html,East Vinton Elementary School,51-161-1004,37.28342,-79.88452,Tinklepaugh 2026,Public Domain - US EPA
51,161,1004,42101,1,37.28342,-79.88452,WGS84,Carbon monoxide,2024-01-01,09:00,2024-01-01,14:00,0.1,Parts per million,0.5,,,FRM,54,INSTRUMENTAL - NONDISPERSIVE INFRARED,Virginia,Roanoke,2024-02-08,CO,EPA AQS,https://aqs.epa.gov/aqsweb/airdata/download_files.html,East Vinton Elementary School,51-161-1004,37.28342,-79.88452,Tinklepaugh 2026,Public Domain - US EPA
51,161,1004,42101,1,37.28342,-79.88452,WGS84,Carbon monoxide,2024-01-01,10:00,2024-01-01,15:00,0.1,Parts per million,0.5,,,FRM,54,INSTRUMENTAL - NONDISPERSIVE INFRARED,Virginia,Roanoke,2024-02-08,CO,EPA AQS,https://aqs.epa.gov/aqsweb/airdata/download_files.html,East Vinton Elementary School,51-161-1004,37.28342,-79.88452,Tinklepaugh 2026,Public Domain - US EPA
51,161,1004,42101,1,37.28342,-79.88452,WGS84,Carbon monoxide,2024-01-01,11:00,2024-01-01,16:00,0.1,Parts per million,0.5,,,FRM,54,INSTRUMENTAL - NONDISPERSIVE INFRARED,Virginia,Roanoke,2024-02-08,CO,EPA AQS,https://aqs.epa.gov/aqsweb/airdata/download_files.html,East Vinton Elementary School,51-161-1004,37.28342,-79.88452,Tinklepaugh 2026,Public Domain - US EPA
51,161,1004,42101,1,37.28342,-79.88452,WGS84,Carbon monoxide,2024-01-01,12:00,2024-01-01,17:00,0.1,Parts per million,0.5,,,FRM,54,INSTRUMENTAL - NONDISPERSIVE INFRARED,Virginia,Roanoke,2024-02-08,CO,EPA AQS,https://aqs.epa.gov/aqsweb/airdata/download_files.html,East Vinton Elementary School,51-161-1004,37.28342,-79.88452,Tinklepaugh 2026,Public Domain - US EPA
51,161,1004,42101,1,37.28342,-79.88452,WGS84,Carbon monoxide,2024-01-01,13:00,2024-01-01,18:00,0.2,Parts per million,0.5,,,FRM,54,INSTRUMENTAL - NONDISPERSIVE INFRARED,Virginia,Roanoke,2024-02-08,CO,EPA AQS,https://aqs.epa.gov/aqsweb/airdata/download_files.html,East Vinton Elementary School,51-161-1004,37.28342,-79.88452,Tinklepaugh 2026,Public Domain - US EPA
51,161,1004,42101,1,37.28342,-79.88452,WGS84,Carbon monoxide,2024-01-01,14:00,2024-01-01,19:00,0.2,Parts per million,0.5,,,FRM,54,INSTRUMENTAL - NONDISPERSIVE INFRARED,Virginia,Roanoke,2024-02-08,CO,EPA AQS,https://aqs.epa.gov/aqsweb/airdata/download_files.html,East Vinton Elementary School,51-161-1004,37.28342,-79.88452,Tinklepaugh 2026,Public Domain - US EPA
51,161,1004,42101,1,37.28342,-79.88452,WGS84,Carbon monoxide,2024-01-01,15:00,2024-01-01,20:00,0.2,Parts per million,0.5,,,FRM,54,INSTRUMENTAL - NONDISPERSIVE INFRARED,Virginia,Roanoke,2024-02-08,CO,EPA AQS,https://aqs.epa.gov/aqsweb/airdata/download_files.html,East Vinton Elementary School,51-161-1004,37.28342,-79.88452,Tinklepaugh 2026,Public Domain - US EPA
51,161,1004,42101,1,37.28342,-79.88452,WGS84,Carbon monoxide,2024-01-01,16:00,2024-01-01,21:00,0.2,Parts per million,0.5,,,FRM,54,INSTRUMENTAL - NONDISPERSIVE INFRARED,Virginia,Roanoke,2024-02-08,CO,EPA AQS,https://aqs.epa.gov/aqsweb/airdata/download_files.html,East Vinton Elementary School,51-161-1004,37.28342,-79.88452,Tinklepaugh 2026,Public Domain - US EPA
51,161,1004,42101,1,37.28342,-79.88452,WGS84,Carbon monoxide,2024-01-01,17:00,2024-01-01,22:00,0.2,Parts per million,0.5,,,FRM,54,INSTRUMENTAL - NONDISPERSIVE INFRARED,Virginia,Roanoke,2024-02-08,CO,EPA AQS,https://aqs.epa.gov/aqsweb/airdata/download_files.html,East Vinton Elementary School,51-161-1004,37.28342,-79.88452,Tinklepaugh 2026,Public Domain - US EPA
51,161,1004,42101,1,37.28342,-79.88452,WGS84,Carbon monoxide,2024-01-01,18:00,2024-01-01,23:00,0.2,Parts per million,0.5,,,FRM,54,INSTRUMENTAL - NONDISPERSIVE INFRARED,Virginia,Roanoke,2024-02-08,CO,EPA AQS,https://aqs.epa.gov/aqsweb/airdata/download_files.html,East Vinton Elementary School,51-161-1004,37.28342,-79.88452,Tinklepaugh 2026,Public Domain - US EPA
51,161,1004,42101,1,37.28342,-79.88452,WGS84,Carbon monoxide,2024-01-01,19:00,2024-01-02,00:00,0.2,Parts per million,0.5,,,FRM,54,INSTRUMENTAL - NONDISPERSIVE INFRARED,Virginia,Roanoke,2024-02-08,CO,EPA AQS,https://aqs.epa.gov/aqsweb/airdata/download_files.html,East Vinton Elementary School,51-161-1004,37.28342,-79.88452,Tinklepaugh 2026,Public Domain - US EPA
51,161,1004,42101,1,37.28342,-79.88452,WGS84,Carbon monoxide,2024-01-01,20:00,2024-01-02,01:00,0.2,Parts per million,0.5,,,FRM,54,INSTRUMENTAL - NONDISPERSIVE INFRARED,Virginia,Roanoke,2024-02-08,CO,EPA AQS,https://aqs.epa.gov/aqsweb/airdata/download_files.html,East Vinton Elementary School,51-161-1004,37.28342,-79.88452,Tinklepaugh 2026,Public Domain - US EPA
51,161,1004,42101,1,37.28342,-79.88452,WGS84,Carbon monoxide,2024-01-01,21:00,2024-01-02,02:00,0.2,Parts per million,0.5,,,FRM,54,INSTRUMENTAL - NONDISPERSIVE INFRARED,Virginia,Roanoke,2024-02-08,CO,EPA AQS,https://aqs.epa.gov/aqsweb/airdata/download_files.html,East Vinton Elementary School,51-161-1004,37.28342,-79.88452,Tinklepaugh 2026,Public Domain - US EPA
51,161,1004,42101,1,37.28342,-79.88452,WGS84,Carbon monoxide,2024-01-01,22:00,2024-01-02,03:00,0.2,Parts per million,0.5,,,FRM,54,INSTRUMENTAL - NONDISPERSIVE INFRARED,Virginia,Roanoke,2024-02-08,CO,EPA AQS,https://aqs.epa.gov/aqsweb/airdata/download_files.html,East Vinton Elementary School,51-161-1004,37.28342,-79.88452,Tinklepaugh 2026,Public Domain - US EPA
51,161,1004,42101,1,37.28342,-79.88452,WGS84,Carbon monoxide,2024-01-01,23:00,2024-01-02,04:00,0.2,Parts per million,0.5,,,FRM,54,INSTRUMENTAL - NONDISPERSIVE INFRARED,Virginia,Roanoke,2024-02-08,CO,EPA AQS,https://aqs.epa.gov/aqsweb/airdata/download_files.html,East Vinton Elementary School,51-161-1004,37.28342,-79.88452,Tinklepaugh 2026,Public Domain - US EPA
51,161,1004,42401,1,37.28342,-79.88452,WGS84,Sulfur dioxide,2024-01-01,00:00,2024-01-01,05:00,1.0,Parts per billion,2.0,,,FEM,60,INSTRUMENTAL - PULSED FLUORESCENT,Virginia,Roanoke,2024-02-08,SO2,EPA AQS,https://aqs.epa.gov/aqsweb/airdata/download_files.html,East Vinton Elementary School,51-161-1004,37.28342,-79.88452,Tinklepaugh 2026,Public Domain - US EPA
51,161,1004,42401,1,37.28342,-79.88452,WGS84,Sulfur dioxide,2024-01-01,01:00,2024-01-01,06:00,1.0,Parts per billion,2.0,,,FEM,60,INSTRUMENTAL - PULSED FLUORESCENT,Virginia,Roanoke,2024-02-08,SO2,EPA AQS,https://aqs.epa.gov/aqsweb/airdata/download_files.html,East Vinton Elementary School,51-161-1004,37.28342,-79.88452,Tinklepaugh 2026,Public Domain - US EPA
51,161,1004,42401,1,37.28342,-79.88452,WGS84,Sulfur dioxide,2024-01-01,02:00,2024-01-01,07:00,1.1,Parts per billion,2.0,,,FEM,60,INSTRUMENTAL - PULSED FLUORESCENT,Virginia,Roanoke,2024-02-08,SO2,EPA AQS,https://aqs.epa.gov/aqsweb/airdata/download_files.html,East Vinton Elementary School,51-161-1004,37.28342,-79.88452,Tinklepaugh 2026,Public Domain - US EPA
51,161,1004,42401,1,37.28342,-79.88452,WGS84,Sulfur dioxide,2024-01-01,04:00,2024-01-01,09:00,1.1,Parts per billion,2.0,,,FEM,60,INSTRUMENTAL - PULSED FLUORESCENT,Virginia,Roanoke,2024-02-08,SO2,EPA AQS,https://aqs.epa.gov/aqsweb/airdata/download_files.html,East Vinton Elementary School,51-161-1004,37.28342,-79.88452,Tinklepaugh 2026,Public Domain - US EPA
51,161,1004,42401,1,37.28342,-79.88452,WGS84,Sulfur dioxide,2024-01-01,05:00,2024-01-01,10:00,1.2,Parts per billion,2.0,,,FEM,60,INSTRUMENTAL - PULSED FLUORESCENT,Virginia,Roanoke,2024-02-08,SO2,EPA AQS,https://aqs.epa.gov/aqsweb/airdata/download_files.html,East Vinton Elementary School,51-161-1004,37.28342,-79.88452,Tinklepaugh 2026,Public Domain - US EPA
51,161,1004,42401,1,37.28342,-79.88452,WGS84,Sulfur dioxide,2024-01-01,06:00,2024-01-01,11:00,1.1,Parts per billion,2.0,,,FEM,60,INSTRUMENTAL - PULSED FLUORESCENT,Virginia,Roanoke,2024-02-08,SO2,EPA AQS,https://aqs.epa.gov/aqsweb/airdata/download_files.html,East Vinton Elementary School,51-161-1004,37.28342,-79.88452,Tinklepaugh 2026,Public Domain - US EPA
51,161,1004,42401,1,37.28342,-79.88452,WGS84,Sulfur dioxide,2024-01-01,07:00,2024-01-01,12:00,1.0,Parts per billion,2.0,,,FEM,60,INSTRUMENTAL - PULSED FLUORESCENT,Virginia,Roanoke,2024-02-08,SO2,EPA AQS,https://aqs.epa.gov/aqsweb/airdata/download_files.html,East Vinton Elementary School,51-161-1004,37.28342,-79.88452,Tinklepaugh 2026,Public Domain - US EPA
51,161,1004,42401,1,37.28342,-79.88452,WGS84,Sulfur dioxide,2024-01-01,08:00,2024-01-01,13:00,1.0,Parts per billion,2.0,,,FEM,60,INSTRUMENTAL - PULSED FLUORESCENT,Virginia,Roanoke,2024-02-08,SO2,EPA AQS,https://aqs.epa.gov/aqsweb/airdata/download_files.html,East Vinton Elementary School,51-161-1004,37.28342,-79.88452,Tinklepaugh 2026,Public Domain - US EPA
51,161,1004,42401,1,37.28342,-79.88452,WGS84,Sulfur dioxide,2024-01-01,09:00,2024-01-01,14:00,1.1,Parts per billion,2.0,,,FEM,60,INSTRUMENTAL - PULSED FLUORESCENT,Virginia,Roanoke,2024-02-08,SO2,EPA AQS,https://aqs.epa.gov/aqsweb/airdata/download_files.html,East Vinton Elementary School,51-161-1004,37.28342,-79.88452,Tinklepaugh 2026,Public Domain - US EPA
51,161,1004,42401,1,37.28342,-79.88452,WGS84,Sulfur dioxide,2024-01-01,10:00,2024-01-01,15:00,1.0,Parts per billion,2.0,,,FEM,60,INSTRUMENTAL - PULSED FLUORESCENT,Virginia,Roanoke,2024-02-08,SO2,EPA AQS,https://aqs.epa.gov/aqsweb/airdata/download_files.html,East Vinton Elementary School,51-161-1004,37.28342,-79.88452,Tinklepaugh 2026,Public Domain - US EPA
51,161,1004,42401,1,37.28342,-79.88452,WGS84,Sulfur dioxide,2024-01-01,11:00,2024-01-01,16:00,1.1,Parts per billion,2.0,,,FEM,60,INSTRUMENTAL - PULSED FLUORESCENT,Virginia,Roanoke,2024-02-08,SO2,EPA AQS,https://aqs.epa.gov/aqsweb/airdata/download_files.html,East Vinton Elementary School,51-161-1004,37.28342,-79.88452,Tinklepaugh 2026,Public Domain - US EPA
51,161,1004,42401,1,37.28342,-79.88452,WGS84,Sulfur dioxide,2024-01-01,12:00,2024-01-01,17:00,1.0,Parts per billion,2.0,,,FEM,60,INSTRUMENTAL - PULSED FLUORESCENT,Virginia,Roanoke,2024-02-08,SO2,EPA AQS,https://aqs.epa.gov/aqsweb/airdata/download_files.html,East Vinton Elementary School,51-161-1004,37.28342,-79.88452,Tinklepaugh 2026,Public Domain - US EPA
51,161,1004,42401,1,37.28342,-79.88452,WGS84,Sulfur dioxide,2024-01-01,13:00,2024-01-01,18:00,1.0,Parts per billion,2.0,,,FEM,60,INSTRUMENTAL - PULSED FLUORESCENT,Virginia,Roanoke,2024-02-08,SO2,EPA AQS,https://aqs.epa.gov/aqsweb/airdata/download_files.html,East Vinton Elementary School,51-161-1004,37.28342,-79.88452,Tinklepaugh 2026,Public Domain - US EPA
51,161,1004,42401,1,37.28342,-79.88452,WGS84,Sulfur dioxide,2024-01-01,14:00,2024-01-01,19:00,1.1,Parts per billion,2.0,,,FEM,60,INSTRUMENTAL - PULSED FLUORESCENT,Virginia,Roanoke,2024-02-08,SO2,EPA AQS,https://aqs.epa.gov/aqsweb/airdata/download_files.html,East Vinton Elementary School,51-161-1004,37.28342,-79.88452,Tinklepaugh 2026,Public Domain - US EPA
51,161,1004,42401,1,37.28342,-79.88452,WGS84,Sulfur dioxide,2024-01-01,15:00,2024-01-01,20:00,1.1,Parts per billion,2.0,,,FEM,60,INSTRUMENTAL - PULSED FLUORESCENT,Virginia,Roanoke,2024-02-08,SO2,EPA AQS,https://aqs.epa.gov/aqsweb/airdata/download_files.html,East Vinton Elementary School,51-161-1004,37.28342,-79.88452,Tinklepaugh 2026,Public Domain - US EPA
51,161,1004,42401,1,37.28342,-79.88452,WGS84,Sulfur dioxide,2024-01-01,16:00,2024-01-01,21:00,1.1,Parts per billion,2.0,,,FEM,60,INSTRUMENTAL - PULSED FLUORESCENT,Virginia,Roanoke,2024-02-08,SO2,EPA AQS,https://aqs.epa.gov/aqsweb/airdata/download_files.html,East Vinton Elementary School,51-161-1004,37.28342,-79.88452,Tinklepaugh 2026,Public Domain - US EPA
51,161,1004,42401,1,37.28342,-79.88452,WGS84,Sulfur dioxide,2024-01-01,17:00,2024-01-01,22:00,1.1,Parts per billion,2.0,,,FEM,60,INSTRUMENTAL - PULSED FLUORESCENT,Virginia,Roanoke,2024-02-08,SO2,EPA AQS,https://aqs.epa.gov/aqsweb/airdata/download_files.html,East Vinton Elementary School,51-161-1004,37.28342,-79.88452,Tinklepaugh 2026,Public Domain - US EPA
51,161,1004,42401,1,37.28342,-79.88452,WGS84,Sulfur dioxide,2024-01-01,18:00,2024-01-01,23:00,1.1,Parts per billion,2.0,,,FEM,60,INSTRUMENTAL - PULSED FLUORESCENT,Virginia,Roanoke,2024-02-08,SO2,EPA AQS,https://aqs.epa.gov/aqsweb/airdata/download_files.html,East Vinton Elementary School,51-161-1004,37.28342,-79.88452,Tinklepaugh 2026,Public Domain - US EPA
51,161,1004,42401,1,37.28342,-79.88452,WGS84,Sulfur dioxide,2024-01-01,19:00,2024-01-02,00:00,1.2,Parts per billion,2.0,,,FEM,60,INSTRUMENTAL - PULSED FLUORESCENT,Virginia,Roanoke,2024-02-08,SO2,EPA AQS,https://aqs.epa.gov/aqsweb/airdata/download_files.html,East Vinton Elementary School,51-161-1004,37.28342,-79.88452,Tinklepaugh 2026,Public Domain - US EPA
51,161,1004,42401,1,37.28342,-79.88452,WGS84,Sulfur dioxide,2024-01-01,20:00,2024-01-02,01:00,1.2,Parts per billion,2.0,,,FEM,60,INSTRUMENTAL - PULSED FLUORESCENT,Virginia,Roanoke,2024-02-08,SO2,EPA AQS,https://aqs.epa.gov/aqsweb/airdata/download_files.html,East Vinton Elementary School,51-161-1004,37.28342,-79.88452,Tinklepaugh 2026,Public Domain - US EPA
51,161,1004,42401,1,37.28342,-79.88452,WGS84,Sulfur dioxide,2024-01-01,21:00,2024-01-02,02:00,1.1,Parts per billion,2.0,,,FEM,60,INSTRUMENTAL - PULSED FLUORESCENT,Virginia,Roanoke,2024-02-08,SO2,EPA AQS,https://aqs.epa.gov/aqsweb/airdata/download_files.html,East Vinton Elementary School,51-161-1004,37.28342,-79.88452,Tinklepaugh 2026,Public Domain - US EPA
51,161,1004,42401,1,37.28342,-79.88452,WGS84,Sulfur dioxide,2024-01-01,22:00,2024-01-02,03:00,1.3,Parts per billion,2.0,,,FEM,60,INSTRUMENTAL - PULSED FLUORESCENT,Virginia,Roanoke,2024-02-08,SO2,EPA AQS,https://aqs.epa.gov/aqsweb/airdata/download_files.html,East Vinton Elementary School,51-161-1004,37.28342,-79.88452,Tinklepaugh 2026,Public Domain - US EPA
51,161,1004,42401,1,37.28342,-79.88452,WGS84,Sulfur dioxide,2024-01-01,23:00,2024-01-02,04:00,1.3,Parts per billion,2.0,,,FEM,60,INSTRUMENTAL - PULSED FLUORESCENT,Virginia,Roanoke,2024-02-08,SO2,EPA AQS,https://aqs.epa.gov/aqsweb/airdata/download_files.html,East Vinton Elementary School,51-161-1004,37.28342,-79.88452,Tinklepaugh 2026,Public Domain - US EPA
51,161,1004,42602,1,37.28342,-79.88452,WGS84,Nitrogen dioxide (NO2),2024-01-01,00:00,2024-01-01,05:00,7.3,Parts per billion,0.04,,,FEM,212,Teledyne Model T500U - Cavity Attenuated Phase Shift Spectroscopy,Virginia,Roanoke,2024-05-09,NO2,EPA AQS,https://aqs.epa.gov/aqsweb/airdata/download_files.html,East Vinton Elementary School,51-161-1004,37.28342,-79.88452,Tinklepaugh 2026,Public Domain - US EPA
51,161,1004,42602,1,37.28342,-79.88452,WGS84,Nitrogen dioxide (NO2),2024-01-01,02:00,2024-01-01,07:00,11.9,Parts per billion,0.04,,,FEM,212,Teledyne Model T500U - Cavity Attenuated Phase Shift Spectroscopy,Virginia,Roanoke,2024-05-09,NO2,EPA AQS,https://aqs.epa.gov/aqsweb/airdata/download_files.html,East Vinton Elementary School,51-161-1004,37.28342,-79.88452,Tinklepaugh 2026,Public Domain - US EPA
51,161,1004,42602,1,37.28342,-79.88452,WGS84,Nitrogen dioxide (NO2),2024-01-01,03:00,2024-01-01,08:00,13.4,Parts per billion,0.04,,,FEM,212,Teledyne Model T500U - Cavity Attenuated Phase Shift Spectroscopy,Virginia,Roanoke,2024-05-09,NO2,EPA AQS,https://aqs.epa.gov/aqsweb/airdata/download_files.html,East Vinton Elementary School,51-161-1004,37.28342,-79.88452,Tinklepaugh 2026,Public Domain - US EPA
51,161,1004,42602,1,37.28342,-79.88452,WGS84,Nitrogen dioxide (NO2),2024-01-01,04:00,2024-01-01,09:00,15.5,Parts per billion,0.04,,,FEM,212,Teledyne Model T500U - Cavity Attenuated Phase Shift Spectroscopy,Virginia,Roanoke,2024-05-09,NO2,EPA AQS,https://aqs.epa.gov/aqsweb/airdata/download_files.html,East Vinton Elementary School,51-161-1004,37.28342,-79.88452,Tinklepaugh 2026,Public Domain - US EPA
51,161,1004,42602,1,37.28342,-79.88452,WGS84,Nitrogen dioxide (NO2),2024-01-01,05:00,2024-01-01,10:00,16.4,Parts per billion,0.04,,,FEM,212,Teledyne Model T500U - Cavity Attenuated Phase Shift Spectroscopy,Virginia,Roanoke,2024-05-09,NO2,EPA AQS,https://aqs.epa.gov/aqsweb/airdata/download_files.html,East Vinton Elementary School,51-161-1004,37.28342,-79.88452,Tinklepaugh 2026,Public Domain - US EPA
51,161,1004,42602,1,37.28342,-79.88452,WGS84,Nitrogen dioxide (NO2),2024-01-01,06:00,2024-01-01,11:00,9.1,Parts per billion,0.04,,,FEM,212,Teledyne Model T500U - Cavity Attenuated Phase Shift Spectroscopy,Virginia,Roanoke,2024-05-09,NO2,EPA AQS,https://aqs.epa.gov/aqsweb/airdata/download_files.html,East Vinton Elementary School,51-161-1004,37.28342,-79.88452,Tinklepaugh 2026,Public Domain - US EPA
51,161,1004,42602,1,37.28342,-79.88452,WGS84,Nitrogen dioxide (NO2),2024-01-01,07:00,2024-01-01,12:00,1.2,Parts per billion,0.04,,,FEM,212,Teledyne Model T500U - Cavity Attenuated Phase Shift Spectroscopy,Virginia,Roanoke,2024-05-09,NO2,EPA AQS,https://aqs.epa.gov/aqsweb/airdata/download_files.html,East Vinton Elementary School,51-161-1004,37.28342,-79.88452,Tinklepaugh 2026,Public Domain - US EPA
51,161,1004,42602,1,37.28342,-79.88452,WGS84,Nitrogen dioxide (NO2),2024-01-01,08:00,2024-01-01,13:00,0.9,Parts per billion,0.04,,,FEM,212,Teledyne Model T500U - Cavity Attenuated Phase Shift Spectroscopy,Virginia,Roanoke,2024-05-09,NO2,EPA AQS,https://aqs.epa.gov/aqsweb/airdata/download_files.html,East Vinton Elementary School,51-161-1004,37.28342,-79.88452,Tinklepaugh 2026,Public Domain - US EPA
51,161,1004,42602,1,37.28342,-79.88452,WGS84,Nitrogen dioxide (NO2),2024-01-01,09:00,2024-01-01,14:00,0.9,Parts per billion,0.04,,,FEM,212,Teledyne Model T500U - Cavity Attenuated Phase Shift Spectroscopy,Virginia,Roanoke,2024-05-09,NO2,EPA AQS,https://aqs.epa.gov/aqsweb/airdata/download_files.html,East Vinton Elementary School,51-161-1004,37.28342,-79.88452,Tinklepaugh 2026,Public Domain - US EPA
51,161,1004,42602,1,37.28342,-79.88452,WGS84,Nitrogen dioxide (NO2),2024-01-01,10:00,2024-01-01,15:00,0.7,Parts per billion,0.04,,,FEM,212,Teledyne Model T500U - Cavity Attenuated Phase Shift Spectroscopy,Virginia,Roanoke,2024-05-09,NO2,EPA AQS,https://aqs.epa.gov/aqsweb/airdata/download_files.html,East Vinton Elementary School,51-161-1004,37.28342,-79.88452,Tinklepaugh 2026,Public Domain - US EPA
51,161,1004,42602,1,37.28342,-79.88452,WGS84,Nitrogen dioxide (NO2),2024-01-01,11:00,2024-01-01,16:00,0.8,Parts per billion,0.04,,,FEM,212,Teledyne Model T500U - Cavity Attenuated Phase Shift Spectroscopy,Virginia,Roanoke,2024-05-09,NO2,EPA AQS,https://aqs.epa.gov/aqsweb/airdata/download_files.html,East Vinton Elementary School,51-161-1004,37.28342,-79.88452,Tinklepaugh 2026,Public Domain - US EPA
51,161,1004,42602,1,37.28342,-79.88452,WGS84,Nitrogen dioxide (NO2),2024-01-01,12:00,2024-01-01,17:00,0.7,Parts per billion,0.04,,,FEM,212,Teledyne Model T500U - Cavity Attenuated Phase Shift Spectroscopy,Virginia,Roanoke,2024-05-09,NO2,EPA AQS,https://aqs.epa.gov/aqsweb/airdata/download_files.html,East Vinton Elementary School,51-161-1004,37.28342,-79.88452,Tinklepaugh 2026,Public Domain - US EPA
51,161,1004,42602,1,37.28342,-79.88452,WGS84,Nitrogen dioxide (NO2),2024-01-01,13:00,2024-01-01,18:00,1.1,Parts per billion,0.04,,,FEM,212,Teledyne Model T500U - Cavity Attenuated Phase Shift Spectroscopy,Virginia,Roanoke,2024-05-09,NO2,EPA AQS,https://aqs.epa.gov/aqsweb/airdata/download_files.html,East Vinton Elementary School,51-161-1004,37.28342,-79.88452,Tinklepaugh 2026,Public Domain - US EPA
51,161,1004,42602,1,37.28342,-79.88452,WGS84,Nitrogen dioxide (NO2),2024-01-01,14:00,2024-01-01,19:00,1.0,Parts per billion,0.04,,,FEM,212,Teledyne Model T500U - Cavity Attenuated Phase Shift Spectroscopy,Virginia,Roanoke,2024-05-09,NO2,EPA AQS,https://aqs.epa.gov/aqsweb/airdata/download_files.html,East Vinton Elementary School,51-161-1004,37.28342,-79.88452,Tinklepaugh 2026,Public Domain - US EPA
51,161,1004,42602,1,37.28342,-79.88452,WGS84,Nitrogen dioxide (NO2),2024-01-01,15:00,2024-01-01,20:00,1.2,Parts per billion,0.04,,,FEM,212,Teledyne Model T500U - Cavity Attenuated Phase Shift Spectroscopy,Virginia,Roanoke,2024-05-09,NO2,EPA AQS,https://aqs.epa.gov/aqsweb/airdata/download_files.html,East Vinton Elementary School,51-161-1004,37.28342,-79.88452,Tinklepaugh 2026,Public Domain - US EPA
51,161,1004,42602,1,37.28342,-79.88452,WGS84,Nitrogen dioxide (NO2),2024-01-01,16:00,2024-01-01,21:00,1.8,Parts per billion,0.04,,,FEM,212,Teledyne Model T500U - Cavity Attenuated Phase Shift Spectroscopy,Virginia,Roanoke,2024-05-09,NO2,EPA AQS,https://aqs.epa.gov/aqsweb/airdata/download_files.html,East Vinton Elementary School,51-161-1004,37.28342,-79.88452,Tinklepaugh 2026,Public Domain - US EPA
51,161,1004,42602,1,37.28342,-79.88452,WGS84,Nitrogen dioxide (NO2),2024-01-01,17:00,2024-01-01,22:00,2.2,Parts per billion,0.04,,,FEM,212,Teledyne Model T500U - Cavity Attenuated Phase Shift Spectroscopy,Virginia,Roanoke,2024-05-09,NO2,EPA AQS,https://aqs.epa.gov/aqsweb/airdata/download_files.html,East Vinton Elementary School,51-161-1004,37.28342,-79.88452,Tinklepaugh 2026,Public Domain - US EPA
51,161,1004,42602,1,37.28342,-79.88452,WGS84,Nitrogen dioxide (NO2),2024-01-01,18:00,2024-01-01,23:00,2.6,Parts per billion,0.04,,,FEM,212,Teledyne Model T500U - Cavity Attenuated Phase Shift Spectroscopy,Virginia,Roanoke,2024-05-09,NO2,EPA AQS,https://aqs.epa.gov/aqsweb/airdata/download_files.html,East Vinton Elementary School,51-161-1004,37.28342,-79.88452,Tinklepaugh 2026,Public Domain - US EPA
51,161,1004,42602,1,37.28342,-79.88452,WGS84,Nitrogen dioxide (NO2),2024-01-01,19:00,2024-01-02,00:00,3.0,Parts per billion,0.04,,,FEM,212,Teledyne Model T500U - Cavity Attenuated Phase Shift Spectroscopy,Virginia,Roanoke,2024-05-09,NO2,EPA AQS,https://aqs.epa.gov/aqsweb/airdata/download_files.html,East Vinton Elementary School,51-161-1004,37.28342,-79.88452,Tinklepaugh 2026,Public Domain - US EPA
51,161,1004,42602,1,37.28342,-79.88452,WGS84,Nitrogen dioxide (NO2),2024-01-01,20:00,2024-01-02,01:00,4.6,Parts per billion,0.04,,,FEM,212,Teledyne Model T500U - Cavity Attenuated Phase Shift Spectroscopy,Virginia,Roanoke,2024-05-09,NO2,EPA AQS,https://aqs.epa.gov/aqsweb/airdata/download_files.html,East Vinton Elementary School,51-161-1004,37.28342,-79.88452,Tinklepaugh 2026,Public Domain - US EPA
51,161,1004,42602,1,37.28342,-79.88452,WGS84,Nitrogen dioxide (NO2),2024-01-01,21:00,2024-01-02,02:00,3.1,Parts per billion,0.04,,,FEM,212,Teledyne Model T500U - Cavity Attenuated Phase Shift Spectroscopy,Virginia,Roanoke,2024-05-09,NO2,EPA AQS,https://aqs.epa.gov/aqsweb/airdata/download_files.html,East Vinton Elementary School,51-161-1004,37.28342,-79.88452,Tinklepaugh 2026,Public Domain - US EPA
51,161,1004,42602,1,37.28342,-79.88452,WGS84,Nitrogen dioxide (NO2),2024-01-01,22:00,2024-01-02,03:00,3.3,Parts per billion,0.04,,,FEM,212,Teledyne Model T500U - Cavity Attenuated Phase Shift Spectroscopy,Virginia,Roanoke,2024-05-09,NO2,EPA AQS,https://aqs.epa.gov/aqsweb/airdata/download_files.html,East Vinton Elementary School,51-161-1004,37.28342,-79.88452,Tinklepaugh 2026,Public Domain - US EPA
51,161,1004,42602,1,37.28342,-79.88452,WGS84,Nitrogen dioxide (NO2),2024-01-01,23:00,2024-01-02,04:00,3.1,Parts per billion,0.04,,,FEM,212,Teledyne Model T500U - Cavity Attenuated Phase Shift Spectroscopy,Virginia,Roanoke,2024-05-09,NO2,EPA AQS,https://aqs.epa.gov/aqsweb/airdata/download_files.html,East Vinton Elementary School,51-161-1004,37.28342,-79.88452,Tinklepaugh 2026,Public Domain - US EPA
51,161,1004,88101,3,37.28342,-79.88452,WGS84,PM2.5 - Local Conditions,2024-01-01,00:00,2024-01-01,05:00,8.1,Micrograms/cubic meter (LC),0.1,,,FEM,636,Teledyne T640 at 5.0 LPM w/Network Data Alignment enabled - Broadband spectroscopy,Virginia,Roanoke,2024-06-13,PM25,EPA AQS,https://aqs.epa.gov/aqsweb/airdata/download_files.html,East Vinton Elementary School,51-161-1004,37.28342,-79.88452,Tinklepaugh 2026,Public Domain - US EPA
51,161,1004,88101,3,37.28342,-79.88452,WGS84,PM2.5 - Local Conditions,2024-01-01,01:00,2024-01-01,06:00,8.2,Micrograms/cubic meter (LC),0.1,,,FEM,636,Teledyne T640 at 5.0 LPM w/Network Data Alignment enabled - Broadband spectroscopy,Virginia,Roanoke,2024-06-13,PM25,EPA AQS,https://aqs.epa.gov/aqsweb/airdata/download_files.html,East Vinton Elementary School,51-161-1004,37.28342,-79.88452,Tinklepaugh 2026,Public Domain - US EPA
51,161,1004,88101,3,37.28342,-79.88452,WGS84,PM2.5 - Local Conditions,2024-01-01,02:00,2024-01-01,07:00,10.1,Micrograms/cubic meter (LC),0.1,,,FEM,636,Teledyne T640 at 5.0 LPM w/Network Data Alignment enabled - Broadband spectroscopy,Virginia,Roanoke,2024-06-13,PM25,EPA AQS,https://aqs.epa.gov/aqsweb/airdata/download_files.html,East Vinton Elementary School,51-161-1004,37.28342,-79.88452,Tinklepaugh 2026,Public Domain - US EPA
51,161,1004,88101,3,37.28342,-79.88452,WGS84,PM2.5 - Local Conditions,2024-01-01,03:00,2024-01-01,08:00,16.7,Micrograms/cubic meter (LC),0.1,,,FEM,636,Teledyne T640 at 5.0 LPM w/Network Data Alignment enabled - Broadband spectroscopy,Virginia,Roanoke,2024-06-13,PM25,EPA AQS,https://aqs.epa.gov/aqsweb/airdata/download_files.html,East Vinton Elementary School,51-161-1004,37.28342,-79.88452,Tinklepaugh 2026,Public Domain - US EPA
51,161,1004,88101,3,37.28342,-79.88452,WGS84,PM2.5 - Local Conditions,2024-01-01,04:00,2024-01-01,09:00,17.0,Micrograms/cubic meter (LC),0.1,,,FEM,636,Teledyne T640 at 5.0 LPM w/Network Data Alignment enabled - Broadband spectroscopy,Virginia,Roanoke,2024-06-13,PM25,EPA AQS,https://aqs.epa.gov/aqsweb/airdata/download_files.html,East Vinton Elementary School,51-161-1004,37.28342,-79.88452,Tinklepaugh 2026,Public Domain - US EPA
51,161,1004,88101,3,37.28342,-79.88452,WGS84,PM2.5 - Local Conditions,2024-01-01,05:00,2024-01-01,10:00,22.0,Micrograms/cubic meter (LC),0.1,,,FEM,636,Teledyne T640 at 5.0 LPM w/Network Data Alignment enabled - Broadband spectroscopy,Virginia,Roanoke,2024-06-13,PM25,EPA AQS,https://aqs.epa.gov/aqsweb/airdata/download_files.html,East Vinton Elementary School,51-161-1004,37.28342,-79.88452,Tinklepaugh 2026,Public Domain - US EPA
51,161,1004,88101,3,37.28342,-79.88452,WGS84,PM2.5 - Local Conditions,2024-01-01,06:00,2024-01-01,11:00,8.9,Micrograms/cubic meter (LC),0.1,,,FEM,636,Teledyne T640 at 5.0 LPM w/Network Data Alignment enabled - Broadband spectroscopy,Virginia,Roanoke,2024-06-13,PM25,EPA AQS,https://aqs.epa.gov/aqsweb/airdata/download_files.html,East Vinton Elementary School,51-161-1004,37.28342,-79.88452,Tinklepaugh 2026,Public Domain - US EPA
51,161,1004,88101,3,37.28342,-79.88452,WGS84,PM2.5 - Local Conditions,2024-01-01,07:00,2024-01-01,12:00,3.7,Micrograms/cubic meter (LC),0.1,,,FEM,636,Teledyne T640 at 5.0 LPM w/Network Data Alignment enabled - Broadband spectroscopy,Virginia,Roanoke,2024-06-13,PM25,EPA AQS,https://aqs.epa.gov/aqsweb/airdata/download_files.html,East Vinton Elementary School,51-161-1004,37.28342,-79.88452,Tinklepaugh 2026,Public Domain - US EPA
51,161,1004,88101,3,37.28342,-79.88452,WGS84,PM2.5 - Local Conditions,2024-01-01,08:00,2024-01-01,13:00,2.5,Micrograms/cubic meter (LC),0.1,,,FEM,636,Teledyne T640 at 5.0 LPM w/Network Data Alignment enabled - Broadband spectroscopy,Virginia,Roanoke,2024-06-13,PM25,EPA AQS,https://aqs.epa.gov/aqsweb/airdata/download_files.html,East Vinton Elementary School,51-161-1004,37.28342,-79.88452,Tinklepaugh 2026,Public Domain - US EPA
51,161,1004,88101,3,37.28342,-79.88452,WGS84,PM2.5 - Local Conditions,2024-01-01,09:00,2024-01-01,14:00,1.9,Micrograms/cubic meter (LC),0.1,,,FEM,636,Teledyne T640 at 5.0 LPM w/Network Data Alignment enabled - Broadband spectroscopy,Virginia,Roanoke,2024-06-13,PM25,EPA AQS,https://aqs.epa.gov/aqsweb/airdata/download_files.html,East Vinton Elementary School,51-161-1004,37.28342,-79.88452,Tinklepaugh 2026,Public Domain - US EPA
51,161,1004,88101,3,37.28342,-79.88452,WGS84,PM2.5 - Local Conditions,2024-01-01,10:00,2024-01-01,15:00,1.5,Micrograms/cubic meter (LC),0.1,,,FEM,636,Teledyne T640 at 5.0 LPM w/Network Data Alignment enabled - Broadband spectroscopy,Virginia,Roanoke,2024-06-13,PM25,EPA AQS,https://aqs.epa.gov/aqsweb/airdata/download_files.html,East Vinton Elementary School,51-161-1004,37.28342,-79.88452,Tinklepaugh 2026,Public Domain - US EPA
51,161,1004,88101,3,37.28342,-79.88452,WGS84,PM2.5 - Local Conditions,2024-01-01,11:00,2024-01-01,16:00,1.2,Micrograms/cubic meter (LC),0.1,,,FEM,636,Teledyne T640 at 5.0 LPM w/Network Data Alignment enabled - Broadband spectroscopy,Virginia,Roanoke,2024-06-13,PM25,EPA AQS,https://aqs.epa.gov/aqsweb/airdata/download_files.html,East Vinton Elementary School,51-161-1004,37.28342,-79.88452,Tinklepaugh 2026,Public Domain - US EPA
51,161,1004,88101,3,37.28342,-79.88452,WGS84,PM2.5 - Local Conditions,2024-01-01,12:00,2024-01-01,17:00,1.3,Micrograms/cubic meter (LC),0.1,,,FEM,636,Teledyne T640 at 5.0 LPM w/Network Data Alignment enabled - Broadband spectroscopy,Virginia,Roanoke,2024-06-13,PM25,EPA AQS,https://aqs.epa.gov/aqsweb/airdata/download_files.html,East Vinton Elementary School,51-161-1004,37.28342,-79.88452,Tinklepaugh 2026,Public Domain - US EPA
51,161,1004,88101,3,37.28342,-79.88452,WGS84,PM2.5 - Local Conditions,2024-01-01,13:00,2024-01-01,18:00,1.2,Micrograms/cubic meter (LC),0.1,,,FEM,636,Teledyne T640 at 5.0 LPM w/Network Data Alignment enabled - Broadband spectroscopy,Virginia,Roanoke,2024-06-13,PM25,EPA AQS,https://aqs.epa.gov/aqsweb/airdata/download_files.html,East Vinton Elementary School,51-161-1004,37.28342,-79.88452,Tinklepaugh 2026,Public Domain - US EPA
51,161,1004,88101,3,37.28342,-79.88452,WGS84,PM2.5 - Local Conditions,2024-01-01,14:00,2024-01-01,19:00,1.3,Micrograms/cubic meter (LC),0.1,,,FEM,636,Teledyne T640 at 5.0 LPM w/Network Data Alignment enabled - Broadband spectroscopy,Virginia,Roanoke,2024-06-13,PM25,EPA AQS,https://aqs.epa.gov/aqsweb/airdata/download_files.html,East Vinton Elementary School,51-161-1004,37.28342,-79.88452,Tinklepaugh 2026,Public Domain - US EPA
51,161,1004,88101,3,37.28342,-79.88452,WGS84,PM2.5 - Local Conditions,2024-01-01,15:00,2024-01-01,20:00,1.5,Micrograms/cubic meter (LC),0.1,,,FEM,636,Teledyne T640 at 5.0 LPM w/Network Data Alignment enabled - Broadband spectroscopy,Virginia,Roanoke,2024-06-13,PM25,EPA AQS,https://aqs.epa.gov/aqsweb/airdata/download_files.html,East Vinton Elementary School,51-161-1004,37.28342,-79.88452,Tinklepaugh 2026,Public Domain - US EPA
51,161,1004,88101,3,37.28342,-79.88452,WGS84,PM2.5 - Local Conditions,2024-01-01,16:00,2024-01-01,21:00,1.5,Micrograms/cubic meter (LC),0.1,,,FEM,636,Teledyne T640 at 5.0 LPM w/Network Data Alignment enabled - Broadband spectroscopy,Virginia,Roanoke,2024-06-13,PM25,EPA AQS,https://aqs.epa.gov/aqsweb/airdata/download_files.html,East Vinton Elementary School,51-161-1004,37.28342,-79.88452,Tinklepaugh 2026,Public Domain - US EPA
51,161,1004,88101,3,37.28342,-79.88452,WGS84,PM2.5 - Local Conditions,2024-01-01,17:00,2024-01-01,22:00,1.7,Micrograms/cubic meter (LC),0.1,,,FEM,636,Teledyne T640 at 5.0 LPM w/Network Data Alignment enabled - Broadband spectroscopy,Virginia,Roanoke,2024-06-13,PM25,EPA AQS,https://aqs.epa.gov/aqsweb/airdata/download_files.html,East Vinton Elementary School,51-161-1004,37.28342,-79.88452,Tinklepaugh 2026,Public Domain - US EPA
51,161,1004,88101,3,37.28342,-79.88452,WGS84,PM2.5 - Local Conditions,2024-01-01,18:00,2024-01-01,23:00,1.7,Micrograms/cubic meter (LC),0.1,,,FEM,636,Teledyne T640 at 5.0 LPM w/Network Data Alignment enabled - Broadband spectroscopy,Virginia,Roanoke,2024-06-13,PM25,EPA AQS,https://aqs.epa.gov/aqsweb/airdata/download_files.html,East Vinton Elementary School,51-161-1004,37.28342,-79.88452,Tinklepaugh 2026,Public Domain - US EPA
51,161,1004,88101,3,37.28342,-79.88452,WGS84,PM2.5 - Local Conditions,2024-01-01,19:00,2024-01-02,00:00,1.6,Micrograms/cubic meter (LC),0.1,,,FEM,636,Teledyne T640 at 5.0 LPM w/Network Data Alignment enabled - Broadband spectroscopy,Virginia,Roanoke,2024-06-13,PM25,EPA AQS,https://aqs.epa.gov/aqsweb/airdata/download_files.html,East Vinton Elementary School,51-161-1004,37.28342,-79.88452,Tinklepaugh 2026,Public Domain - US EPA
51,161,1004,88101,3,37.28342,-79.88452,WGS84,PM2.5 - Local Conditions,2024-01-01,20:00,2024-01-02,01:00,2.0,Micrograms/cubic meter (LC),0.1,,,FEM,636,Teledyne T640 at 5.0 LPM w/Network Data Alignment enabled - Broadband spectroscopy,Virginia,Roanoke,2024-06-13,PM25,EPA AQS,https://aqs.epa.gov/aqsweb/airdata/download_files.html,East Vinton Elementary School,51-161-1004,37.28342,-79.88452,Tinklepaugh 2026,Public Domain - US EPA
51,161,1004,88101,3,37.28342,-79.88452,WGS84,PM2.5 - Local Conditions,2024-01-01,21:00,2024-01-02,02:00,2.5,Micrograms/cubic meter (LC),0.1,,,FEM,636,Teledyne T640 at 5.0 LPM w/Network Data Alignment enabled - Broadband spectroscopy,Virginia,Roanoke,2024-06-13,PM25,EPA AQS,https://aqs.epa.gov/aqsweb/airdata/download_files.html,East Vinton Elementary School,51-161-1004,37.28342,-79.88452,Tinklepaugh 2026,Public Domain - US EPA
51,161,1004,88101,3,37.28342,-79.88452,WGS84,PM2.5 - Local Conditions,2024-01-01,22:00,2024-01-02,03:00,2.4,Micrograms/cubic meter (LC),0.1,,,FEM,636,Teledyne T640 at 5.0 LPM w/Network Data Alignment enabled - Broadband spectroscopy,Virginia,Roanoke,2024-06-13,PM25,EPA AQS,https://aqs.epa.gov/aqsweb/airdata/download_files.html,East Vinton Elementary School,51-161-1004,37.28342,-79.88452,Tinklepaugh 2026,Public Domain - US EPA
51,161,1004,88101,3,37.28342,-79.88452,WGS84,PM2.5 - Local Conditions,2024-01-01,23:00,2024-01-02,04:00,2.5,Micrograms/cubic meter (LC),0.1,,,FEM,636,Teledyne T640 at 5.0 LPM w/Network Data Alignment enabled - Broadband spectroscopy,Virginia,Roanoke,2024-06-13,PM25,EPA AQS,https://aqs.epa.gov/aqsweb/airdata/download_files.html,East Vinton Elementary School,51-161-1004,37.28342,-79.88452,Tinklepaugh 2026,Public Domain - US EPA
